City,Country,Date,Lat,Lng,Cloudiness (%),Humidity (%),Max Temp (F),Wind Speed (mph)
Teya,RU,1617995802,60.3778,92.6267,97,97,24.89,2.06
Richards Bay,ZA,1617995802,-28.783,32.0377,0,87,68.9,1.3
Kulhudhuffushi,MV,1617995803,6.6221,73.07,0,75,82.31,5.44
Airai,TL,1617995728,-8.9266,125.4092,87,84,57.04,1.54
Bojnourd,IR,1617995803,37.4747,57.329,0,31,60.8,6.91
Vestmannaeyjar,IS,1617995804,63.4427,-20.2734,4,52,31.75,14.56
Rikitea,PF,1617995606,-23.1203,-134.9692,61,71,77.58,9.78
Ko Samui,TH,1617995804,9.5357,99.9357,6,67,83.8,3.13
Albany,US,1617995704,42.6001,-73.9662,75,40,70.0,14.97
Gornopravdinsk,RU,1617995805,60.05,69.9,94,95,35.17,6.44
Ati,TD,1617995806,13.2154,18.3353,0,6,91.53,8.08
Suihua,CN,1617995806,46.6406,126.9969,100,31,40.91,10.42
Hilo,US,1617995732,19.7297,-155.09,40,53,75.2,5.75
Medak,IN,1617995806,18.0333,78.2667,32,43,82.0,1.99
Kasane,BW,1617995807,-17.8167,25.15,0,45,68.0,2.3
Nishihara,JP,1617995807,26.1842,127.7558,40,64,69.8,10.36
Mahébourg,MU,1617995765,-20.4081,57.7,75,100,73.4,4.61
Mataura,NZ,1617995808,-46.1927,168.8643,100,90,45.0,1.01
Ushuaia,AR,1617995685,-54.8,-68.3,20,57,46.4,23.02
Ngora,UG,1617995809,1.4314,33.7772,100,81,68.43,7.36
Jinchang,CN,1617995809,38.4953,102.1739,100,57,48.88,3.44
Methóni,GR,1617995809,36.8197,21.7049,18,53,50.0,3.44
Vanino,RU,1617995810,49.0869,140.2543,7,78,25.12,3.69
Grindavik,IS,1617995810,63.8424,-22.4338,40,100,30.2,5.75
Nome,US,1617995811,64.5011,-165.4064,1,65,-5.8,6.91
Beringovskiy,RU,1617995811,63.05,179.3167,100,94,5.49,12.77
Tubualá,PA,1617995811,9.5167,-79.0333,90,94,75.2,3.44
Vaini,TO,1617995812,-21.2,-175.2,75,88,73.4,4.61
Punta Arenas,CL,1617995812,-53.15,-70.9167,75,62,50.0,14.97
Kapaa,US,1617995813,22.0752,-159.319,20,64,75.2,10.36
Alice Springs,AU,1617995813,-23.7,133.8833,6,63,59.0,5.75
Sitka,US,1617995813,57.0531,-135.33,40,86,33.8,5.75
East London,ZA,1617995774,-33.0153,27.9116,20,100,62.6,1.14
Füzesgyarmat,HU,1617995814,47.1,21.2167,36,45,44.01,9.22
General Cepeda,MX,1617995814,25.3833,-101.45,1,23,86.0,9.22
Atuona,PF,1617995755,-9.8,-139.0333,46,78,80.82,17.6
Hue,VN,1617995815,16.4667,107.6,40,88,77.0,2.3
Bredasdorp,ZA,1617995669,-34.5322,20.0403,66,88,62.6,1.14
Ngaoundéré,CM,1617995816,7.3167,13.5833,100,44,76.06,5.64
Barrow,US,1617995705,71.2906,-156.7887,1,76,-14.8,12.66
Khatanga,RU,1617995675,71.9667,102.5,28,90,-16.06,4.21
Jamestown,US,1617995646,42.097,-79.2353,90,59,69.01,6.91
Provideniya,RU,1617995816,64.3833,-173.3,100,95,-0.74,10.29
Hermanus,ZA,1617995590,-34.4187,19.2345,48,88,64.0,6.87
Los Llanos de Aridane,ES,1617995817,28.6585,-17.9182,20,77,68.0,4.61
Bluff,NZ,1617995817,-46.6,168.3333,100,90,45.0,1.01
Bambous Virieux,MU,1617995818,-20.3428,57.7575,75,100,79.0,4.61
Umluj,SA,1617995818,25.0213,37.2685,0,59,73.94,7.16
Preobrazheniye,RU,1617995819,42.9019,133.9064,32,66,34.32,5.79
Qaanaaq,GL,1617995819,77.484,-69.3632,0,70,13.78,5.21
Malakal,SS,1617995820,9.5334,31.6605,1,14,95.41,3.04
Monterey,US,1617995728,36.2505,-121.2516,58,54,64.0,13.0
Ust-Maya,RU,1617995820,60.4167,134.5333,100,99,26.74,1.59
Livingston,GB,1617995640,55.9029,-3.5226,0,48,41.0,8.05
Avarua,CK,1617995821,-21.2078,-159.775,75,89,80.6,3.44
Qaqortoq,GL,1617995821,60.7167,-46.0333,75,53,44.6,4.61
Tuktoyaktuk,CA,1617995822,69.4541,-133.0374,90,69,-16.6,17.27
Aklavik,CA,1617995822,68.2191,-135.0107,90,63,-16.6,16.11
San Andrés,CO,1617995823,12.5847,-81.7006,75,74,82.4,11.5
Faanui,PF,1617995695,-16.4833,-151.75,100,70,81.7,8.79
Kiruna,SE,1617995823,67.8557,20.2251,90,93,23.0,8.05
Tegul'det,RU,1617995824,57.3064,88.1667,100,97,31.64,2.37
Port Elizabeth,ZA,1617995824,-33.918,25.5701,20,94,59.0,4.61
Shelburne,CA,1617995824,44.0787,-80.2041,75,55,69.8,9.22
Arraial do Cabo,BR,1617995825,-22.9661,-42.0278,0,57,84.2,11.5
Port Alfred,ZA,1617995679,-33.5906,26.891,72,85,63.97,1.99
Vaitape,PF,1617995825,-16.5167,-151.75,95,70,81.7,8.68
Hong Kong,HK,1617995826,22.2855,114.1577,95,79,70.0,1.99
Nicoya,CR,1617995826,10.1483,-85.452,40,46,93.2,8.05
Kavieng,PG,1617995827,-2.5744,150.7967,79,78,80.56,2.26
Busselton,AU,1617995827,-33.65,115.3333,0,79,59.0,4.0
Zykovo,RU,1617995828,55.9519,93.1461,0,75,33.8,4.47
Pauini,BR,1617995828,-7.7136,-66.9764,100,58,87.6,4.29
Aberystwyth,GB,1617995828,52.4155,-4.0829,40,2,42.01,1.01
Tiksi,RU,1617995829,71.6872,128.8694,100,100,-15.99,7.07
Vila Franca do Campo,PT,1617995829,37.7167,-25.4333,20,72,62.6,6.91
Souillac,MU,1617995796,-20.5167,57.5167,75,100,73.4,4.61
Yumaguzino,RU,1617995830,52.9041,56.3933,100,93,39.06,4.97
Narsaq,GL,1617995831,60.9167,-46.05,75,53,44.6,4.61
Ust'-Koksa,RU,1617995831,50.2696,85.6108,14,89,22.73,2.39
Aksu,CN,1617995831,41.1231,80.2644,74,51,53.28,2.55
Punta de Bombón,PE,1617995832,-17.1717,-71.7931,89,72,70.07,6.6
Iqaluit,CA,1617995811,63.7506,-68.5145,20,73,17.6,17.27
Opuwo,NA,1617995733,-18.0607,13.84,0,37,73.72,9.01
Cidreira,BR,1617995833,-30.1811,-50.2056,7,65,77.76,11.72
Río Gallegos,AR,1617995833,-51.6226,-69.2181,0,33,59.0,13.8
Gonder,ET,1617995833,12.6,37.4667,76,27,71.82,3.47
Hedaru,TZ,1617995834,-4.5,37.9,35,89,71.26,4.99
Cherskiy,RU,1617995834,68.75,161.3,100,84,-8.0,2.89
Puerto del Rosario,ES,1617995835,28.5004,-13.8627,40,60,73.4,13.8
Nikolskoye,RU,1617995835,59.7035,30.7861,75,75,41.0,17.9
Christchurch,NZ,1617995835,-43.5333,172.6333,40,94,61.0,5.75
Carnarvon,AU,1617995785,-24.8667,113.6333,40,73,78.8,6.91
Pacific Grove,US,1617995655,36.6177,-121.9166,20,62,57.2,9.22
Luanda,AO,1617995701,-8.8368,13.2343,75,89,78.8,11.5
Laas,IT,1617995837,46.6166,10.7002,0,75,53.6,6.91
Asău,RO,1617995837,46.4333,26.4,8,42,37.99,4.9
Hasaki,JP,1617995838,35.7333,140.8333,75,65,45.0,11.5
Santa Vitória do Palmar,BR,1617995838,-33.5189,-53.3681,100,83,72.0,3.8
Faya,SA,1617995839,18.3851,42.4509,20,48,69.8,4.61
Burnie,AU,1617995839,-41.0667,145.9167,100,97,48.0,3.0
Pochutla,MX,1617995839,15.7432,-96.4661,20,55,91.0,11.5
Kenitra,MA,1617995840,34.261,-6.5802,75,82,62.6,6.51
Chui,UY,1617995840,-33.6971,-53.4616,100,86,71.24,1.79
Tarko-Sale,RU,1617995840,64.9225,77.785,100,86,32.79,18.07
Abu Kamal,SY,1617995841,34.4506,40.9171,36,26,71.89,12.37
Nanortalik,GL,1617995841,60.1432,-45.2371,100,93,37.15,11.45
Juli,PE,1617995842,-16.2167,-69.45,100,61,47.82,9.78
Palimbang,PH,1617995842,6.2106,124.1894,100,78,78.62,4.05
Ostrovnoy,RU,1617995680,68.0531,39.5131,10,79,27.48,21.07
Eirunepé,BR,1617995843,-6.6603,-69.8736,98,57,89.13,2.21
Fairbanks,US,1617995701,64.8378,-147.7164,75,50,-4.0,3.44
Norman Wells,CA,1617995674,65.282,-126.8329,90,71,-5.8,19.57
Pavlodar,KZ,1617995843,52.3,76.95,40,65,41.0,17.9
Hambantota,LK,1617995757,6.1241,81.1185,20,100,77.0,2.3
Salalah,OM,1617995844,17.0151,54.0924,40,69,82.4,5.75
Bilma,NE,1617995844,18.6853,12.9164,5,4,88.59,8.43
San Miguel de Tucumán,AR,1617995845,-26.8241,-65.2226,40,70,84.2,4.61
Pumiao,CN,1617995845,22.75,108.4833,90,100,59.0,6.71
Saint Paul Harbor,US,1617995602,57.79,-152.4072,1,22,28.4,18.41
Lüderitz,NA,1617995728,-26.6481,15.1594,0,51,75.51,9.04
Joshīmath,IN,1617995846,30.5667,79.5667,0,39,46.89,8.59
Nkwerre,NG,1617995846,5.7556,7.1063,100,62,83.93,9.55
Shagonar,RU,1617995847,51.5333,92.8,71,71,32.94,4.54
Tual,ID,1617995847,-5.6667,132.75,92,73,82.81,10.18
Hobart,AU,1617995790,-42.8794,147.3294,100,50,53.6,5.75
Antanifotsy,MG,1617995848,-19.65,47.3167,100,97,58.05,1.19
Bengkulu,ID,1617995848,-3.8004,102.2655,100,91,76.06,4.59
Puerto Ayora,EC,1617995849,-0.7393,-90.3518,90,94,75.2,3.44
Gorontalo,ID,1617995829,0.5412,123.0595,99,91,76.26,1.59
Tasiilaq,GL,1617995849,65.6145,-37.6368,75,80,24.8,3.44
Kjøllefjord,NO,1617995849,70.9457,27.3465,20,74,24.8,18.41
Lebu,CL,1617995850,-37.6167,-73.65,100,72,57.7,14.56
Saint George,US,1617995708,37.1041,-113.5841,1,14,73.99,0.38
Parabel',RU,1617995851,58.6978,81.4825,100,77,35.26,3.87
Kailua,US,1617995851,21.4022,-157.7394,40,53,75.2,9.22
Kajaani,FI,1617995851,64.2273,27.7285,90,93,33.8,11.5
Lavrentiya,RU,1617995852,65.5833,-171.0,100,97,-8.12,3.04
Thompson,CA,1617995852,55.7435,-97.8558,75,49,44.6,5.75
Ponta Delgada,PT,1617995853,37.7333,-25.6667,20,72,62.6,6.91
Victor Harbor,AU,1617995853,-35.5667,138.6167,62,85,57.99,1.01
Vao,NC,1617995854,-22.6667,167.4833,61,87,78.1,22.3
Alofi,NU,1617995811,-19.0595,-169.9187,42,88,77.0,1.14
Isangel,VU,1617995573,-19.55,169.2667,59,84,77.72,3.06
Yucca Valley,US,1617995727,34.1142,-116.4322,38,18,75.99,4.0
Ouégoa,NC,1617995855,-20.35,164.4333,100,95,75.79,9.08
Sur,OM,1617995855,22.5667,59.5289,0,60,80.98,13.02
Ballina,AU,1617995855,-28.8667,153.5667,0,94,64.99,6.58
Nuuk,GL,1617995856,64.1835,-51.7216,90,81,37.4,18.41
Fortuna,US,1617995856,40.5982,-124.1573,90,87,51.01,10.36
New Norfolk,AU,1617995671,-42.7826,147.0587,100,65,51.01,1.01
Mezhdurechensk,RU,1617995857,53.6942,88.0603,13,94,24.69,3.04
Muros,ES,1617995857,42.7762,-9.0603,97,88,61.0,7.0
Douglas,US,1617995743,41.3,-96.167,75,59,62.01,16.11
Severo-Kuril'sk,RU,1617995858,50.6789,156.125,67,89,28.94,7.74
Itarema,BR,1617995858,-2.9248,-39.9167,100,71,84.02,16.02
Butaritari,KI,1617995677,3.0707,172.7902,100,78,82.18,16.78
Kamaishi,JP,1617995726,39.2667,141.8833,12,72,36.37,4.68
Bethel,US,1617995860,41.3712,-73.414,1,45,64.99,12.66
Halifax,CA,1617995783,44.6453,-63.5724,40,36,62.6,19.57
Candolim,IN,1617995860,15.5181,73.7626,40,78,82.4,10.36
São Félix do Xingu,BR,1617995861,-6.6447,-51.995,41,53,88.93,5.39
Pasinler,TR,1617995861,39.9803,41.6764,75,57,46.4,6.91
Cape Town,ZA,1617995862,-33.9258,18.4232,20,88,68.0,17.27
Nālūt,LY,1617995862,30.3333,10.85,46,42,67.12,19.28
Jiayuguan City,CN,1617995863,39.8167,98.3,87,34,49.86,2.71
Longyearbyen,SJ,1617995863,78.2186,15.6401,75,69,30.2,11.5
Henties Bay,NA,1617995864,-22.116,14.2845,0,65,73.99,1.01
Manoel Urbano,BR,1617995864,-8.8389,-69.2597,97,72,84.13,3.06
Belyy Yar,RU,1617995864,53.6039,91.3903,0,74,30.2,4.47
Nara,JP,1617995865,34.6851,135.8049,2,55,41.0,2.04
Maniitsoq,GL,1617995865,65.4167,-52.9,100,99,31.95,20.71
Port Shepstone,ZA,1617995865,-30.7414,30.455,25,79,71.74,4.18
Charters Towers,AU,1617995866,-20.1,146.2667,51,77,70.52,4.05
Avera,US,1617995867,33.194,-82.5271,90,94,72.0,12.66
Moscow,RU,1617995851,55.7522,37.6156,0,45,41.0,8.95
Flinders,AU,1617995867,-34.5833,150.8552,14,100,57.99,5.75
Berlevåg,NO,1617995868,70.8578,29.0864,0,68,24.8,21.85
Tanout,NE,1617995868,14.9709,8.8879,67,5,88.79,12.5
Hualmay,PE,1617995868,-11.0964,-77.6139,82,76,73.24,7.02
Amarkantak,IN,1617995869,22.6667,81.75,6,28,73.0,3.47
Hithadhoo,MV,1617995869,-0.6,73.0833,0,67,82.99,11.03
Okhotsk,RU,1617995805,59.3833,143.3,51,84,6.17,5.61
Coquimbo,CL,1617995661,-29.9533,-71.3436,0,68,66.2,13.8
Nelson Bay,AU,1617995870,-32.7167,152.15,90,100,66.99,3.44
Kushmurun,KZ,1617995870,52.4503,64.6311,100,96,35.49,7.38
Pangnirtung,CA,1617995871,66.1451,-65.7125,90,93,17.6,11.5
Tokur,RU,1617995871,53.1333,132.9,93,97,11.46,2.98
Yellowknife,CA,1617995763,62.456,-114.3525,75,57,15.01,14.97
Port-Cartier,CA,1617995872,50.0334,-66.8654,40,47,53.6,3.44
Dunedin,NZ,1617995872,-45.8742,170.5036,93,93,52.0,1.01
Lompoc,US,1617995873,34.6391,-120.4579,5,51,62.6,19.57
Saint-Philippe,RE,1617995873,-21.3585,55.7679,100,73,78.8,4.61
Mar del Plata,AR,1617995874,-38.0023,-57.5575,20,73,68.0,9.22
Ust'-Tarka,RU,1617995874,55.5672,75.705,97,87,32.54,13.53
Torbay,CA,1617995875,47.6666,-52.7314,90,100,39.99,16.11
St. George's,GD,1617995875,12.0564,-61.7485,20,66,86.0,21.85
Mnogovershinnyy,RU,1617995875,53.9353,139.9242,62,92,15.82,2.82
Leningradskiy,RU,1617995876,69.3833,178.4167,49,96,-19.48,4.7
Vanimo,PG,1617995876,-2.6741,141.3028,100,88,78.71,8.19
Pullman,US,1617995731,46.7313,-117.1796,1,31,51.01,5.75
Vardø,NO,1617995704,70.3705,31.1107,0,68,23.0,21.85
Flin Flon,CA,1617995877,54.7682,-101.865,75,69,33.8,11.5
Cockburn Town,TC,1617995745,21.4612,-71.1419,40,54,80.6,11.5
Sierra Vista,US,1617995605,31.5545,-110.3037,1,9,77.0,13.8
Yaan,NG,1617995878,7.3833,8.5667,92,64,81.45,13.78
Antofagasta,CL,1617995878,-23.65,-70.4,40,68,72.0,14.97
Waitati,NZ,1617995879,-45.75,170.5667,100,97,52.0,1.32
Kupang,ID,1617995879,-10.1667,123.5833,49,87,76.55,3.18
Salinópolis,BR,1617995880,-0.6136,-47.3561,94,84,81.07,11.27
Petatlán,MX,1617995880,17.5167,-101.2667,1,54,86.0,11.5
Katsuura,JP,1617995880,35.1333,140.3,100,28,48.0,5.99
Neuquén,AR,1617995881,-38.9516,-68.0591,0,35,69.8,6.91
Lesnoy,RU,1617995881,57.6198,63.0784,92,98,36.12,7.43
Anadyr,RU,1617995881,64.75,177.4833,20,78,3.2,15.66
Vostok,RU,1617995882,46.4856,135.8833,88,80,20.03,5.12
Castro,BR,1617995882,-24.7911,-50.0119,28,46,77.23,3.56
North Branch,US,1617995883,45.5113,-92.9802,100,99,48.99,8.01
Atar,MR,1617995883,20.5169,-13.0499,0,11,93.4,11.56
Otjimbingwe,NA,1617995884,-22.35,16.1333,1,29,79.27,6.98
Bahía Blanca,AR,1617995884,-38.7196,-62.2724,0,25,75.2,5.01
Vryburg,ZA,1617995885,-26.9566,24.7284,0,37,70.21,4.7
Clyde River,CA,1617995885,70.4692,-68.5914,20,79,14.0,2.3
Geraldton,AU,1617995885,-28.7667,114.6,100,41,80.6,16.11
Todos Santos,MX,1617995886,23.45,-110.2167,24,75,75.0,3.0
Bontang,ID,1617995886,0.1333,117.5,100,89,75.65,6.29
Kudahuvadhoo,MV,1617995887,2.6708,72.8944,3,74,81.68,7.11
Shimoda,JP,1617995887,34.6667,138.95,98,70,48.0,17.67
Waghāi,IN,1617995888,20.7667,73.4833,7,49,77.68,2.39
Laibin,CN,1617995888,23.7,109.2667,100,76,63.45,7.72
Talnakh,RU,1617995889,69.4865,88.3972,100,89,18.25,9.19
Florianópolis,BR,1617995713,-27.6146,-48.5012,40,69,81.0,14.97
Ust-Nera,RU,1617995819,64.5667,143.2,100,97,7.43,5.79
Acapulco de Juárez,MX,1617995890,16.8634,-99.8901,1,66,86.0,6.91
Kumul,CN,1617995890,42.8,93.45,17,24,57.43,6.2
Libres,MX,1617995891,19.4667,-97.6833,30,20,78.37,5.82
Poya,NC,1617995891,-21.35,165.15,97,90,75.97,7.2
Okha,RU,1617995891,53.5739,142.9478,70,97,13.15,6.29
Makakilo City,US,1617995804,21.3469,-158.0858,1,57,75.2,6.91
Mount Gambier,AU,1617995864,-37.8333,140.7667,90,100,53.6,12.66
Brownsville,US,1617995698,25.9018,-97.4975,75,49,91.4,31.07
Mbandaka,CD,1617995892,0.0487,18.2603,100,87,73.35,5.21
Latung,PH,1617995893,5.5,120.8833,71,76,81.36,4.9
Sulangan,PH,1617995893,11.1373,123.7228,99,75,81.39,13.76
Suba,PH,1617995893,10.8438,121.0102,100,72,83.01,19.6
Prieska,ZA,1617995894,-29.6641,22.7474,100,27,79.52,7.31
Shingū,JP,1617995829,33.7333,135.9833,1,67,37.53,7.25
Chumikan,RU,1617995894,54.7183,135.315,78,80,26.29,15.64
Ancud,CL,1617995895,-41.8697,-73.8203,40,63,59.0,4.61
Ulladulla,AU,1617995895,-35.35,150.4667,87,100,55.99,5.75
Broome,US,1617995896,42.2506,-75.833,90,47,63.0,10.36
Ust'-Donetskiy,RU,1617995896,47.6419,40.8718,100,78,40.69,10.27
Hwange,ZW,1617995896,-18.3693,26.5019,45,47,69.46,2.21
Port Lincoln,AU,1617995897,-34.7333,135.8667,100,67,61.36,16.22
Vaxjo,SE,1617995894,56.8777,14.8091,8,60,39.2,12.66
Nemuro,JP,1617995895,43.3236,145.575,75,69,30.67,15.35
Wawa,NG,1617995897,9.9022,4.4192,66,29,92.79,2.24
Verkhoyansk,RU,1617995898,67.5447,133.385,96,98,-19.28,4.47
Talaya,RU,1617995898,61.3833,152.75,100,100,-15.25,1.28
Kahului,US,1617995899,20.8947,-156.47,20,57,77.0,9.22
Necochea,AR,1617995799,-38.5473,-58.7368,0,73,71.01,1.99
Huilong,CN,1617995853,31.8111,121.655,84,84,53.01,7.11
Bandarbeyla,SO,1617995900,9.4942,50.8122,0,64,78.46,8.19
São João da Barra,BR,1617995666,-21.6403,-41.0511,0,45,84.2,9.22
Taldan,RU,1617995900,53.6667,124.8,100,95,21.22,5.06
Montepuez,MZ,1617995901,-13.1256,38.9997,57,95,67.53,4.21
Pouembout,NC,1617995901,-21.1333,164.9,100,92,75.2,6.4
Sangar,RU,1617995901,63.9242,127.4739,100,96,17.44,3.36
Baixa Grande,BR,1617995902,-11.9597,-40.1681,98,66,78.06,11.92
Margate,GB,1617995902,51.3813,1.3862,100,58,50.0,1.99
Laguna,US,1617995777,38.421,-121.4238,1,42,69.01,6.91
Srednekolymsk,RU,1617995903,67.45,153.6833,100,99,-5.67,4.79
Ahipara,NZ,1617995903,-35.1667,173.1667,100,92,66.24,18.81
Örnsköldsvik,SE,1617995903,63.2909,18.7153,90,93,32.0,13.8
Westport,US,1617995782,41.1415,-73.3579,1,82,59.0,5.44
Trairi,BR,1617995904,-3.2778,-39.2689,100,76,82.18,13.24
Narón,ES,1617995904,43.5167,-8.1528,40,88,59.0,1.14
Don Sak,TH,1617995905,9.3168,99.6918,6,80,79.0,3.87
Upernavik,GL,1617995670,72.7868,-56.1549,100,92,23.72,12.35
Beitbridge,ZW,1617995905,-22.2167,30.0,0,50,75.85,9.15
Beyneu,KZ,1617995906,45.3167,55.2,9,44,67.86,16.89
Rincon,US,1617995906,32.296,-81.2354,90,83,72.0,11.5
Imuris,MX,1617995907,30.7833,-110.8667,0,13,82.35,5.28
Nyaunglebin,MM,1617995773,17.95,96.7333,15,67,79.47,4.81
Aksaray,TR,1617995650,38.3726,34.0254,75,75,35.6,26.46
Reinosa,ES,1617995907,42.9996,-4.138,75,82,60.01,5.37
Quezada,GT,1617995908,14.2722,-90.037,20,38,93.2,2.3
Mpraeso,GH,1617995908,6.5932,-0.7346,100,92,72.99,1.1
Riyadh,SA,1617995751,24.6877,46.7219,20,10,95.0,5.75
Provincia di Imperia,IT,1617995784,43.9667,7.7833,40,66,53.6,12.66
Sukhobezvodnoye,RU,1617995909,57.0491,44.8891,95,97,27.03,3.36
Meulaboh,ID,1617995909,4.1363,96.1285,100,86,78.64,4.12
Ilulissat,GL,1617995910,69.2167,-51.1,90,93,32.0,6.91
Pisco,PE,1617995783,-13.7,-76.2167,75,60,75.2,14.97
Taoudenni,ML,1617995910,22.6783,-3.9836,0,11,92.19,9.37
Lagoa,PT,1617995911,39.05,-27.9833,100,81,59.22,12.35
Dikson,RU,1617995911,73.5069,80.5464,100,88,16.07,27.07
Abasolo,MX,1617995911,20.45,-101.5167,1,14,86.0,11.5
Fort Smith,US,1617995912,35.3859,-94.3986,1,60,73.4,9.22
Chapais,CA,1617995912,49.7834,-74.8492,75,51,60.8,12.66
Mayo,US,1617995912,38.8876,-76.5119,90,88,59.0,3.44
Chokurdakh,RU,1617995913,70.6333,147.9167,100,93,-5.69,12.59
Gurupá,BR,1617995913,-1.405,-51.64,100,85,81.18,4.76
George Town,MY,1617995914,5.4112,100.3354,20,83,82.4,2.3
Goderich,CA,1617995914,43.7501,-81.7165,17,52,68.0,17.27
Labuan,MY,1617995914,5.2767,115.2417,20,94,78.8,4.21
Batticaloa,LK,1617995915,7.7102,81.6924,25,77,80.31,6.15
Bathsheba,BB,1617995915,13.2167,-59.5167,20,58,84.2,17.27
Jumla,NP,1617995706,29.2747,82.1838,6,28,42.26,5.32
Mastic Beach,US,1617995916,40.7668,-72.8521,1,71,55.99,9.22
Oriximiná,BR,1617995916,-1.7656,-55.8661,59,57,87.51,2.64
Thinadhoo,MV,1617995917,0.5333,72.9333,4,70,82.92,9.95
Lata,PT,1617995917,40.1629,-8.3327,91,85,61.0,2.37
Puyang,CN,1617995917,29.4603,119.8861,83,64,45.32,4.29
Yar-Sale,RU,1617995918,66.8333,70.8333,100,98,33.87,21.79
Anastácio,BR,1617995918,-20.4836,-55.8069,98,28,96.01,7.81
Cervo,ES,1617995918,43.6702,-7.4101,100,83,59.0,1.77
Saldanha,ZA,1617995919,-33.0117,17.9442,100,82,64.4,10.36
Portland,US,1617995285,45.5234,-122.6762,40,43,54.0,5.75
Oranjemund,NA,1617995919,-28.55,16.4333,0,78,63.32,8.34
Uromi,NG,1617995920,6.7,6.3333,100,65,78.82,4.83
Laranjal Paulista,BR,1617995920,-23.0497,-47.8367,0,34,82.0,1.99
Kilindoni,TZ,1617995921,-7.9139,39.6668,16,79,80.56,12.48
Valparaíso,CL,1617995921,-33.0393,-71.6273,0,43,69.8,18.41
Coyhaique,CL,1617995922,-45.5752,-72.0662,40,54,57.2,3.44
Upington,ZA,1617995922,-28.4478,21.2561,0,38,75.2,2.3
Tevaitoa,PF,1617995922,-16.7833,-151.5,71,72,81.5,7.94
Tuatapere,NZ,1617995715,-46.1333,167.6833,100,90,45.0,1.01
Pital,CO,1617995923,2.2665,-75.8044,100,87,70.56,1.74
Port Moresby,PG,1617995923,-9.4431,147.1797,20,94,75.2,5.75
Sinnamary,GF,1617995924,5.3833,-52.95,100,90,75.97,5.41
Peniche,PT,1617995924,39.3558,-9.3811,100,88,61.0,10.0
Torfyanoy,RU,1617995925,58.4916,49.1979,46,94,30.96,5.68
Cravo Norte,CO,1617995753,6.3017,-70.2041,100,54,88.2,1.32
Hamilton,US,1617995925,39.1834,-84.5333,1,31,79.0,14.97
Olinda,BR,1617995737,-8.0089,-34.8553,40,73,78.8,12.66
Sohag,EG,1617995926,26.557,31.6948,0,22,77.0,16.11
Seymchan,RU,1617995926,62.8833,152.4333,63,98,-9.87,3.11
Shenjiamen,CN,1617995926,29.9576,122.298,5,69,52.84,10.02
Anloga,GH,1617995927,5.7947,0.8973,20,74,84.2,5.75
Bereket,TM,1617995927,39.2446,55.5154,100,21,76.93,11.86
Tiznit Province,MA,1617995928,29.5833,-9.5,0,58,58.6,7.47
Rupert,US,1617995928,42.6191,-113.6772,1,23,48.2,7.94
Quatre Cocos,MU,1617995742,-20.2078,57.7625,75,100,79.0,4.61
Mildura,AU,1617995929,-34.2,142.15,0,81,51.01,4.61
Albanel,CA,1617995929,48.8832,-72.4487,78,48,62.6,8.05
Khani,GE,1617995873,41.9563,42.9566,75,100,46.4,3.44
Port Hedland,AU,1617995666,-20.3167,118.5667,75,89,80.6,8.05
Zambezi,ZM,1617995930,-13.5432,23.1047,6,68,62.28,4.76
Lesnoye,RU,1617995930,58.2841,35.5158,12,74,35.78,10.83
Ribeira Grande,PT,1617995931,38.5167,-28.7,20,82,62.6,12.66
Ponta do Sol,PT,1617995931,32.6667,-17.1,97,70,63.0,1.01
Darhan,MN,1617995932,49.4867,105.9228,100,62,35.35,6.93
Suşehri,TR,1617995932,40.1644,38.0867,84,66,34.83,7.99
Krasnosel'kup,RU,1617995932,65.7,82.4667,99,93,31.03,9.01
Kalmunai,LK,1617995933,7.4167,81.8167,40,79,79.29,5.1
Santa Cruz de la Sierra,BO,1617995933,-17.8,-63.1667,75,62,87.8,16.11
Yeppoon,AU,1617995934,-23.1333,150.7333,40,94,68.0,3.71
Sambava,MG,1617995934,-14.2667,50.1667,100,88,76.59,8.32
Dauriya,RU,1617995934,49.9333,116.8667,100,68,40.48,17.31
Beohāri,IN,1617995935,24.05,81.3833,6,28,79.63,2.51
Aswān,EG,1617995935,24.0934,32.907,0,15,80.87,22.26
Diego de Almagro,CL,1617995891,-26.3667,-70.05,92,20,79.36,12.21
San Matías,BO,1617995936,-16.3667,-58.4,59,47,91.2,6.93
Guerrero Negro,MX,1617995936,27.9769,-114.0611,90,58,68.25,20.94
Kerman,IR,1617995937,30.2832,57.0788,75,17,68.0,13.8
Matagami,CA,1617995937,49.7502,-77.6328,1,35,71.6,13.8
Matamoros,MX,1617995938,25.5333,-103.25,1,12,90.0,5.19
Sørland,NO,1617995938,67.667,12.6934,40,55,35.6,10.36
Oddur,SO,1617995938,4.1213,43.8894,100,47,83.68,6.46
Mirny,RU,1617995939,62.5353,113.9611,100,91,4.78,9.57
Marzuq,YE,1617995937,14.4,46.4667,0,35,67.95,5.93
Makamba,BI,1617995939,-4.1348,29.804,100,92,62.06,2.39
Saint Anthony,US,1617995940,45.0205,-93.218,90,82,53.01,10.36
Bela,IN,1617995940,25.9333,81.9833,10,11,82.8,6.2
Saint-Pierre,RE,1617995940,-21.3393,55.4781,100,73,78.8,4.61
Biak,ID,1617995866,-0.9131,122.8766,98,88,75.45,8.08
San Cristobal,VE,1617995941,7.7669,-72.225,40,61,84.2,12.66
Plettenberg Bay,ZA,1617995942,-34.0527,23.3716,97,81,61.95,2.21
Karīmnagar,IN,1617995931,18.4333,79.15,4,41,83.01,13.56
Praia,CV,1617995662,14.9215,-23.5087,0,64,75.2,20.71
Eilat,IL,1617995746,29.5581,34.9482,0,46,71.6,8.05
Gīdolē,ET,1617995943,5.65,37.3667,14,46,63.79,4.18
Onega,RU,1617995943,63.9061,38.1404,100,78,34.54,16.02
Bangassou,CF,1617995943,4.7413,22.8184,100,85,72.57,3.58
Baykit,RU,1617995944,61.67,96.37,26,97,4.8,3.29
Port Augusta,AU,1617995944,-32.5,137.7667,90,59,60.8,14.97
Saskylakh,RU,1617995945,71.9167,114.0833,100,100,-23.55,3.71
São Filipe,CV,1617995945,14.8961,-24.4956,0,58,76.19,14.72
Keokuk,US,1617995945,40.3973,-91.3849,20,68,66.0,16.11
Muyezerskiy,RU,1617995946,63.9333,31.65,100,96,32.77,18.1
Yerbogachën,RU,1617995946,61.2767,108.0108,80,98,1.17,4.0
Pevek,RU,1617995947,69.7008,170.3133,51,94,-21.57,1.59
Tarn Taran,IN,1617995947,31.45,74.9253,100,42,73.4,7.4
Mahajanga,MG,1617995947,-15.7167,46.3167,20,83,82.4,4.61
Kamenka,RU,1617995948,51.3223,42.7678,99,68,42.01,8.43
San Patricio,US,1617995948,28.017,-97.5169,75,70,89.6,17.27
Brae,GB,1617995948,60.3964,-1.353,75,93,32.0,13.8
Villa Guerrero,MX,1617995949,18.8667,-99.65,40,23,89.6,5.75
Boa Vista,BR,1617995949,2.8197,-60.6733,40,58,86.0,4.61
Rūdbār,AF,1617995950,30.15,62.6,3,10,78.08,6.91
Herat Province,AF,1617995950,34.5,62.0,0,25,64.76,6.08
Safi,MA,1617995682,32.2994,-9.2372,0,72,62.76,7.49
Castletown,IE,1617995951,53.0281,-9.0686,40,65,44.6,6.91
Danielskuil,ZA,1617995951,-28.1887,23.5395,4,36,69.96,1.03
Isla Vista,US,1617995760,34.4133,-119.861,1,68,69.01,8.05
Dhārchula,IN,1617995952,29.85,80.5333,88,22,57.52,9.08
Kaitangata,NZ,1617995671,-46.2817,169.8464,100,92,46.92,0.49
Santiago del Estero,AR,1617995952,-27.7951,-64.2615,100,38,94.55,5.64
Djibouti,DJ,1617995953,11.5,42.5,1,69,80.6,3.44
Waren,DE,1617995953,53.5167,12.6833,75,87,41.0,9.22
Sarangani,PH,1617995842,5.4033,125.4636,38,74,82.51,7.72
Kuvandyk,RU,1617995954,51.4781,57.3552,88,81,38.19,7.45
Bintulu,MY,1617995954,3.1667,113.0333,40,94,77.0,2.51
Lima,PE,1617995675,-12.0432,-77.0282,0,68,73.4,8.05
Harrison,US,1617995955,30.4091,-89.0436,90,83,82.4,20.71
Emerald,AU,1617995955,-23.5333,148.1667,0,72,64.4,2.86
Katherine,AU,1617995955,-14.4667,132.2667,90,83,77.0,4.61
Ban Phai,TH,1617995956,16.06,102.731,5,78,81.0,5.75
Buritizeiro,BR,1617995956,-17.3511,-44.9622,100,41,82.24,8.95
Cooma,AU,1617995957,-36.2333,149.1333,90,87,44.6,5.75
Atasū,KZ,1617995957,48.6814,71.6433,97,91,40.19,11.56
Nehe,CN,1617995957,48.4833,124.8333,65,32,43.03,13.38
Nichinan,JP,1617995958,31.6,131.3667,4,74,53.73,12.66
Bongandanga,CD,1617995958,1.5,21.05,57,68,76.3,1.01
Paoua,CF,1617995959,7.2427,16.4406,97,44,82.78,10.98
Manche,FR,1617995959,49.0,-1.1667,90,76,46.4,4.61
São Marcos,BR,1617995959,-28.9711,-51.0681,40,50,87.01,11.5
Keuruu,FI,1617995960,62.2667,24.7,90,100,36.0,13.8
Walvis Bay,NA,1617995960,-22.9575,14.5053,0,65,73.99,1.01
Baculin,PH,1617995960,7.4525,126.5842,100,87,76.86,5.79
Merauke,ID,1617995961,-8.4667,140.3333,93,82,78.04,4.88
Arica,CL,1617995961,-18.475,-70.3042,75,64,71.6,12.66
Lyuban',BY,1617995962,52.7985,28.0048,97,65,39.24,11.16
Zhadovka,RU,1617995962,53.5746,46.9498,100,96,34.18,8.25
Azul,AR,1617995962,-36.777,-59.8585,91,85,68.0,1.99
Vilhena,BR,1617995963,-12.7406,-60.1458,40,65,82.4,9.22
Korla,CN,1617995729,41.7597,86.1469,33,49,54.77,2.04
Burgeo,CA,1617995963,47.6167,-57.6152,6,57,52.74,14.09
Inírida,CO,1617995964,3.8653,-67.9239,100,70,85.8,1.34
Houndé,BF,1617995964,11.5,-3.5167,2,9,95.65,3.11
Praia da Vitória,PT,1617995965,38.7333,-27.0667,75,88,60.01,6.49
Aden,YE,1617995944,12.7794,45.0367,0,66,81.16,17.27
San Rafael,AR,1617995965,-34.6177,-68.3301,100,43,56.64,7.36
Soyo,AO,1617995965,-6.1349,12.3689,100,81,80.76,1.77
Paita,PE,1617995966,-5.0892,-81.1144,0,51,87.8,14.97
Mossamedes,AO,1617995680,-15.1961,12.1522,80,82,78.17,6.6
La Asuncion,VE,1617995966,11.0333,-63.8628,100,77,79.38,14.54
Kitui,KE,1617995967,-1.367,38.0106,54,76,67.71,3.8
General Pico,AR,1617995967,-35.6566,-63.7568,99,63,70.45,8.19
Emba,KZ,1617995968,48.8264,58.1442,7,52,51.75,19.46
Cabo San Lucas,MX,1617995736,22.8909,-109.9124,1,19,93.2,10.36
Kamogawa,JP,1617995968,35.1,140.1,75,49,48.0,19.57
Fukuechō,JP,1617995969,32.6881,128.8419,8,62,56.97,20.65
Kifrī,IQ,1617995969,34.6959,44.9661,100,25,80.06,10.65
Naze,JP,1617995969,28.3667,129.4833,78,67,64.0,12.24
Vuktyl,RU,1617995970,63.8567,57.3094,25,88,33.48,9.28
Bubaque,GW,1617995970,11.2833,-15.8333,6,73,77.56,14.03
Jiwani,PK,1617995971,25.05,61.7417,0,76,79.41,8.34
Kolvereid,NO,1617995971,64.8655,11.6047,40,86,33.8,1.14
Brownwood,US,1617995971,31.7093,-98.9912,1,10,93.2,12.66
Champerico,GT,1617995972,14.3,-91.9167,40,62,93.2,6.91
Beira,MZ,1617995972,-19.8436,34.8389,20,73,80.01,10.51
Zhangaözen,KZ,1617995972,43.3,52.8,1,27,69.91,10.96
Inhambane,MZ,1617995973,-23.865,35.3833,20,83,75.2,3.44
Havre-St-Pierre,CA,1617995973,50.2334,-63.5986,1,32,51.8,16.11
Ola,RU,1617995788,59.5833,151.2833,1,80,4.73,7.96
Benjamín Aceval,PY,1617995974,-24.9667,-57.5667,20,52,93.2,12.66
Poronaysk,RU,1617995974,49.2167,143.1167,12,79,23.94,4.25
Noumea,NC,1617995681,-22.2763,166.4572,0,88,78.01,2.3
Pinega,RU,1617995975,64.7001,43.3936,9,79,32.0,11.05
Skibbereen,IE,1617995975,51.55,-9.2667,75,87,41.0,8.05
Ziro,IN,1617995976,27.6333,93.8333,81,94,49.06,2.19
Batatais,BR,1617995898,-20.8911,-47.585,0,21,86.0,4.61
Mahibadhoo,MV,1617995976,3.7833,72.9667,21,76,81.7,6.15
Athabasca,CA,1617995977,54.7169,-113.2854,100,29,48.2,9.22
Akşehir,TR,1617995977,38.3575,31.4164,100,91,31.95,17.29
Moose Factory,CA,1617995978,51.2585,-80.6094,1,62,57.2,13.8
Lorengau,PG,1617995715,-2.0226,147.2712,100,85,79.29,10.6
Poum,NC,1617995978,-20.2333,164.0167,100,92,77.14,17.72
Atherton,GB,1617995979,53.5237,-2.4935,0,54,45.0,5.99
Warri,NG,1617995885,5.5167,5.75,100,75,80.65,6.53
Cabedelo,BR,1617995979,-6.9811,-34.8339,20,74,84.2,14.97
Jalingo,NG,1617995980,8.8833,11.3667,100,28,91.81,2.84
Chernukha,RU,1617995980,55.5974,43.7556,100,90,30.69,2.35
North Bend,US,1617995980,43.4065,-124.2243,1,58,53.01,12.66
Leszno,PL,1617995981,51.8403,16.5749,100,57,46.99,1.99
Rørvik,NO,1617995749,64.8621,11.2373,40,86,30.2,1.14
Araripina,BR,1617995982,-7.5761,-40.4983,100,29,89.28,9.57
Dudinka,RU,1617995982,69.4058,86.1778,75,89,21.2,13.2
Buala,SB,1617995982,-8.145,159.5921,100,89,77.65,10.4
San Vicente,AR,1617995983,-26.6167,-54.1333,55,35,87.1,5.12
San Jerónimo,PE,1617995983,-11.9472,-75.2829,100,68,57.42,5.82
Akdepe,TM,1617995984,42.0551,59.3788,0,39,69.8,11.5
Deputatsky,RU,1617995984,69.3,139.9,97,99,-20.58,1.7
Sucre,BO,1617995878,-19.0333,-65.2627,53,50,68.58,7.65
Santa Maria a Vico,IT,1617995985,41.0255,14.4654,0,54,52.0,3.44
Labuhan,ID,1617995771,-6.8844,112.2051,68,87,78.57,5.35
Ushtobe,KZ,1617995985,45.2514,77.9838,5,44,53.04,7.34
Wajima,JP,1617995986,37.4,136.9,70,56,42.62,6.87
Am Timan,TD,1617995986,11.0297,20.2827,19,5,93.74,5.12
Mīnāb,IR,1617995986,27.1467,57.0801,0,64,75.2,9.22
Cayenne,GF,1617995877,4.9333,-52.3333,75,74,86.0,2.3
Ngama,TD,1617995987,11.7833,17.1667,4,8,92.16,9.1
Pontal do Paraná,BR,1617995987,-25.6533,-48.5128,100,71,75.99,7.87
Portobelo,PA,1617995988,9.55,-79.65,100,86,75.99,25.01
Baihar,IN,1617995988,22.1,80.55,4,36,75.97,2.62
Ferme-Neuve,CA,1617995988,46.7001,-75.4493,37,38,73.4,11.5
Ca Mau,VN,1617995989,9.1769,105.15,95,76,78.78,2.66
Gao,ML,1617995989,16.6362,1.637,0,7,90.59,9.69
Vila Velha,BR,1617995990,-20.3297,-40.2925,20,54,80.6,10.36
Fort Walton Beach,US,1617995990,30.4058,-86.6188,90,94,69.8,13.0
Wuchi,CN,1617995991,29.3786,103.023,100,99,45.66,1.83
Haines Junction,CA,1617995991,60.7522,-137.5108,100,51,5.0,16.11
Pathalgaon,IN,1617995991,22.5667,83.4667,76,24,79.59,4.07
Sobolevo,RU,1617995992,54.4299,31.8996,79,74,37.22,8.81
Klaksvík,FO,1617995729,62.2266,-6.589,75,86,30.2,21.85
Tres Arroyos,AR,1617995992,-38.3739,-60.2798,61,51,73.44,8.01
Yumen,CN,1617995993,40.2833,97.2,100,29,52.11,6.62
Angleton,US,1617995993,29.1694,-95.4319,90,73,80.01,16.11
Portadown,GB,1617995993,54.4241,-6.4412,0,65,39.2,8.05
Zaraza,VE,1617995994,9.3503,-65.3245,99,31,96.96,2.44
Sennoy,RU,1617995994,52.1509,46.9631,100,94,36.05,14.81
Zabul Province,AF,1617995995,32.25,67.25,0,18,58.59,6.49
Lubango,AO,1617995904,-14.9172,13.4925,50,70,62.4,1.63
Kiryat Gat,IL,1617995995,31.61,34.7642,96,100,62.01,15.21
Waingapu,ID,1617995866,-9.6567,120.2641,6,77,77.23,4.25
Panji,ID,1617995996,-7.7253,114.0995,100,88,75.96,3.87
Pathein,MM,1617995996,16.7833,94.7333,5,79,77.36,6.02
Hay River,CA,1617995935,60.8156,-115.7999,100,86,17.6,14.97
Rio Branco,BR,1617995997,-9.9747,-67.81,40,70,87.8,5.75
Artvin Province,TR,1617995970,41.1667,41.8333,75,87,46.4,10.36
Constitución,CL,1617995997,-35.3333,-72.4167,100,61,62.02,15.61
Raudeberg,NO,1617995998,61.9875,5.1352,100,90,35.01,25.9
Syktyvkar,RU,1617995998,61.6764,50.8099,0,64,35.6,8.95
Wencheng,CN,1617995998,33.0559,113.7978,8,74,49.08,3.27
Atbasar,KZ,1617995999,51.8,68.3333,99,93,33.35,9.71
Bandar-e Lengeh,IR,1617995999,26.5579,54.8807,0,64,75.2,1.25
Bonavista,CA,1617996000,48.6499,-53.1147,100,100,42.8,8.05
Rawson,AR,1617996000,-43.3002,-65.1023,95,68,56.88,9.64
Huai'an,CN,1617996000,33.5886,119.0192,100,52,46.04,7.14
Roald,NO,1617996001,62.5833,6.1333,75,70,37.4,14.97
Zwedru,LR,1617996001,6.0667,-8.1281,85,88,77.63,4.12
Heinola,FI,1617996002,61.2056,26.0381,90,93,35.6,20.71
City of San Pedro,PH,1617996002,14.35,121.0167,20,74,80.6,3.44
Kyren,RU,1617996003,51.6828,102.1408,100,94,32.13,5.3
Fairview,US,1617996003,40.8126,-73.999,90,66,59.0,6.91
Fethiye,TR,1617996004,36.6217,29.1164,0,40,51.8,27.63
Narasannapeta,IN,1617996004,18.4167,84.05,90,75,80.64,7.56
Geelong,AU,1617996004,-38.1471,144.3607,90,76,54.0,9.22
Tessalit,ML,1617996005,20.1986,1.0114,0,8,89.01,8.34
Pierre,US,1617996005,44.3683,-100.351,20,50,53.01,32.21
Puerto Carreño,CO,1617996006,6.189,-67.4859,95,54,88.34,4.38
Nakatsu,JP,1617996006,33.5981,131.1883,20,58,51.8,11.5
Jiquilisco,SV,1617996006,13.3167,-88.5833,40,52,93.2,3.44
Kelo,TD,1617996007,9.3086,15.8066,100,16,96.96,3.24
Lexington Park,US,1617996007,38.2668,-76.4538,75,82,66.2,9.22
Coxim,BR,1617996007,-18.5067,-54.76,100,36,92.35,9.42
Villa Carlos Paz,AR,1617996008,-31.4241,-64.4978,100,94,68.0,5.01
Valea Crişului,RO,1617996008,45.9167,25.7667,0,68,33.01,1.95
Tilichiki,RU,1617996009,60.4667,166.1,100,93,3.74,12.73
Shaunavon,CA,1617996009,49.6501,-108.4181,6,27,46.4,20.71
Hofn,IS,1617996010,64.2539,-15.2082,0,40,30.2,23.02
Nanaimo,CA,1617996000,49.1663,-123.936,98,70,48.2,23.02
Evensk,RU,1617995826,61.95,159.2333,100,78,11.23,10.02
Piaçabuçu,BR,1617996010,-10.4056,-36.4344,96,72,81.63,11.12
Palāsa,IN,1617996011,18.7667,84.4167,89,78,79.27,6.51
Gimli,CA,1617996011,50.6336,-96.9907,100,65,41.0,12.66
San Angelo,US,1617996012,31.4638,-100.437,1,8,95.0,18.41
Alta Floresta,BR,1617996012,-9.8756,-56.0861,100,84,77.41,3.98
Port Hardy,CA,1617996000,50.6996,-127.4199,75,81,44.6,9.22
Grand Gaube,MU,1617996013,-20.0064,57.6608,100,78,79.0,5.99
Leh,IN,1617995812,34.1667,77.5833,96,38,28.58,4.12
Port Macquarie,AU,1617995846,-31.4333,152.9167,94,99,61.0,8.3
Mehamn,NO,1617996013,71.0357,27.8492,20,74,24.8,18.41
Kutum,SD,1617996014,14.2,24.6667,38,7,76.42,12.21
Shenzhen,CN,1617995739,22.5455,114.0683,95,95,70.0,6.42
Yinchuan,CN,1617996006,38.4681,106.2731,100,60,51.01,7.54
Celestún,MX,1617996015,20.8667,-90.4,0,56,88.43,7.78
Zhalantun,CN,1617996015,48.0,122.7167,0,34,43.21,7.72
Ayan,RU,1617995942,56.45,138.1667,87,91,12.43,3.58
Olafsvik,IS,1617995891,64.8945,-23.7142,7,59,32.25,5.46
Murdochville,CA,1617996016,48.9583,-65.5006,100,87,41.0,11.5
Saint-François,FR,1617995815,46.4154,3.9054,0,58,54.0,14.97
Kwang Binh,VN,1617996017,17.4833,106.6,26,90,74.55,2.19
Usinsk,RU,1617996017,65.9939,57.5281,100,90,33.98,18.34
Outjo,NA,1617996018,-20.1167,16.15,0,36,67.53,8.93
